#SampleID	BarcodeSequence	InputFileName	LinkerPrimerSequence	Locations	Family	taxa_location	Functional_group	Description
LEWI.A1		LEWI_A1.merged.fasta		LEWI	Ceratopogonidae	LEWI_CERCI	Collector/Filterers	Aquatic
LEWI.A2		LEWI_A2.merged.fasta		LEWI	Tabanidae	LEWI_TABA	Predators	Aquatic
LEWI.A3		LEWI_A3.merged.fasta		LEWI	Chironomidae	LEWI_CHIR	Collector/Filterers	Aquatic
MCRA.A11		MCRA_A11.merged.fasta		MCRA	Heptageniidae	MCRA_EPEO	Collector/Gatherers	Aquatic
MCRA.A12		MCRA_A12.merged.fasta		MCRA	Perlidae	MCRA_PERL	Predators	Aquatic
MCRA.A13		MCRA_A13.merged.fasta		MCRA	Hydropsychidae	MCRA_ARCT	Collector/Filterers	Aquatic
MCRA.A14		MCRA_A14.merged.fasta		MCRA	Perlodidae	MCRA_KOJO	Predators	Aquatic
MCRA.A15		MCRA_A15.merged.fasta		MCRA	Ameletidae	MCRA_AMEL	Collector/Gatherers	Aquatic
BLUE.A21		BLUE_A21.merged.fasta		BLUE	Chironomidae	BLUE_CHIR	Collector/Filterers	Aquatic
BLUE.A22		BLUE_A22.merged.fasta		BLUE	Elmidae	BLUE_STEN	Scrapers	Aquatic
BLUE.A23		BLUE_A23.merged.fasta		BLUE	Ephemeridae	BLUE_EPHE	Collector/Gatherers	Aquatic
BLUE.A24		BLUE_A24.merged.fasta		BLUE	Heptageniidae	BLUE_LEUC	Collector/Gatherers	Aquatic
BLUE.A25		BLUE_A25.merged.fasta		BLUE	Corydalidae	BLUE_EPHE	Predators	Aquatic
MCDI.A31		MCDI_A31.merged.fasta		MCDI	Simuliidae	MCDI_SIMU	Collector/Filterers	Aquatic
MCDI.A32		MCDI_A32.merged.fasta		MCDI	Tipulidae	MCDI_TIPU	Collector/Filterers	Aquatic
MCDI.A33		MCDI_A33.merged.fasta		MCDI	Heptageniidae	MCDI_STEN	Collector/Gatherers	Aquatic
MCDI.A34		MCDI_A34.merged.fasta		MCDI	Hydropsychidae	MCDI_CHEM	Collector/Filterers	Aquatic
MCDI.A35		MCDI_A35.merged.fasta		MCDI	Baetidae	MCDI_FALL	Collector/Gatherers	Aquatic
HOPB.A41		HOPB_A41.merged.fasta		HOPB	Hydropsychidae	HOPB_CHEN	Collector/Filterers	Aquatic
HOPB.A42		HOPB_A42.merged.fasta		HOPB	Glossosomatidae	HOPB_GLOS	Collector/Gatherers	Aquatic
HOPA.A43		HOPB_A43.merged.fasta		HOPB	Heptageniidae	HOPA_MACE	Collector/Gatherers	Aquatic
HOPB.A44		HOPB_A44.merged.fasta		HOPB	Leptophlebiidae	HOPB_PARA	Collector/Gatherers	Aquatic
HOPB.A45		HOPB_A45.merged.fasta		HOPB	Ceratopogonidae	HOPB_PROB	Collector/Filterers	Aquatic
BLDE.A51		BLDE_A51.merged.fasta		BLDE	Brachycentridae	BLDE_MICR	Collector/Filterers	Aquatic
BLD3.A52		BLDE_A52.merged.fasta		BLDE	Baetidae	BLD3_ACEN	Collector/Gatherers	Aquatic
BLDE.A53		BLDE_A53.merged.fasta		BLDE	Psychodidae	BLDE_PERI	Collector/Gatherers	Aquatic
BLDE.A54		BLDE_A54		BLDE	Chloroperlidae	BLDE_GWEL	Omnivores	Aquatic
BLDE.A55		BLDE_A55		BLDE	Elmidae	BLDE_NARP	Collector/Gatherers	Aquatic
LECO.A61		LECO_A61		LECO	Dixidae	LECO_DIXA	Collector/Filterers	Aquatic
LECO.A62		LECO_A62		LECO	Ptilodactylidae	LECO_ANCH	Collector/Gatherers	Aquatic
LECO.A63		LECO_A63		LECO	Pteronarcyidae	LECO_PTER	Shredders	Aquatic
LECO.A64		LECO_A64		LECO	Perlidae	LECO_ACRO	Predators	Aquatic
LECO.A65		LECO_A65		LECO	Chloroperlidae	LECO_ACHO	Omnivores	Aquatic
BIGC.A71		BIGC_A71		BIGC	Tipulidae	BIGC_TIPU	Collector/Filterers	Aquatic
BIGC.A72		BIGC_A72		BIGC	Cordulegastridae	BIGC_CORD	Predators	Aquatic
BIGC.A73		BIGC_A73		BIGC	Gomphidae	BIGC_GOMP	Predators	Aquatic
BIGC.A74		BIGC_A74		BIGC	Chloroperlidae	BIGC_SWEL	Omnivores	Aquatic
BIGC.A75		BIGC_A75		BIGC	Leuctridae	BIGC_LEUC	Shredders	Aquatic
MART.B1		MART_B1		MART	Tipulidae	MART_TIPU	Collector/Filterers	Aquatic
MART.B2		MART_B2		MART	Chloroperlidae	MART_SWEL	Omnivores	Aquatic
MART.B3		MART_B3		MART	Ephemerellidae	MART_DRUN	Collector/Gatherers	Aquatic
MART.B4		MART_B4		MART	Elmidae	MART_NARP	Collector/Gatherers	Aquatic
MART.B5		MART_B5		MART	Psephenidae	MART_ECTO	Collector/Gatherers	Aquatic
POSE.B11		POSE_B11		POSE	Elmidae	POSE1_OPTI	Collector/Gatherers	Aquatic
POSE.B12		POSE_B12.merged.fasta		POSE	Leptophlebiidae	POSE2_PARA	Collector/Gatherers	Aquatic
CR.1		CR_1.merged.fasta		OMAHA	Gryllidae	CR	Herbivores	Terrestrial
CR.2		CR_2.merged.fasta		OMAHA	Gryllidae	CR	Herbivores	Terrestrial
CR.3		CR_3.merged.fasta		OMAHA	Gryllidae	CR	Herbivores	Terrestrial
CR.4		CR_4.merged.fasta		OMAHA	Gryllidae	CR	Herbivores	Terrestrial
CR.5		CR_5.merged.fasta		OMAHA	Gryllidae	CR	Herbivores	Terrestrial
CR.6		CR_6.merged.fasta		OMAHA	Gryllidae	CR	Herbivores	Terrestrial
C.1		C_1.merged.fasta		OMAHA	Blattidae	C	Omnivores	Terrestrial
BT.1		BT_1.merged.fasta		OMAHA	Carabidae	BT	Predators	Terrestrial
BT.2		BT_2.merged.fasta		OMAHA	Carabidae	BT	Predators	Terrestrial
GR.1		GR_1.merged.fasta		OMAHA	Acrididae	GR	Herbivores	Terrestrial
CENTI.1		CENTI_1.merged.fasta		OMAHA	Scutigeridae	CENTI	Predators	Terrestrial
CENTI.2		CENTI_2.merged.fasta		OMAHA	Scutigeridae	CENTI	Predators	Terrestrial
SB.1		SB_1.merged.fasta		OMAHA	Oniscidae	SB	Detritivores	Terrestrial
SB.2		SB_2.merged.fasta		OMAHA	Oniscidae	SB	Detritivores	Terrestrial
SB.3		SB_3.merged.fasta		OMAHA	Oniscidae	SB	Detritivores	Terrestrial
SB.4		SB_4.merged.fasta		OMAHA	Oniscidae	SB	Detritivores	Terrestrial
SB.5		SB_5.merged.fasta		OMAHA	Oniscidae	SB	Detritivores	Terrestrial
BT.3		BT_3.merged.fasta		OMAHA	Carabidae	BT	Predators	Terrestrial
GR.2		GR_2.merged.fasta		OMAHA	Acrididae	GR	Herbivores	Terrestrial
SC.1		SC_1.merged.fasta		LINC	Carabidae	SC	Predators	Terrestrial
SC.2		SC_2.merged.fasta		LINC	Carabidae	SC	Predators	Terrestrial
SC.3		SC_3.merged.fasta		LINC	Carabidae	SC	Predators	Terrestrial
SA.2		SA_2.merged.fasta		LINC	Aphididae	SA	Herbivores	Terrestrial
SA.4		SA_4.merged.fasta		LINC	Aphididae	SA	Herbivores	Terrestrial
SA.5		SA_5.merged.fasta		LINC	Aphididae	SA	Herbivores	Terrestrial
DP.1		DP_1.merged.fasta		OMAHA	Blattidae	DP	Omnivores	Terrestrial
